{
  "q33": 0.000042,
  "q67": 0.000090
}
